company_name,website,country,language,segment,crops,contact_person,email,phone,status,draft_id,generated_subject,notes
Domeniul Viticol Dobrogea SRL,https://exemplu-dobrogea-wine.ro,Romania,ro,vineyards_and_orchards,"Виноградники, молоді посадки столових та винних сортів",Ing. Radu Ionescu,contact@exemplu-dobrogea-wine.ro,+40 721 000 111,DRAFT_CREATED,imap-draft-1790066580,Soluție completă împotriva secetei: Reducerea apei cu 50% și spor de producție pentru Domeniul Viticol Dobrogea SRL,"Посушливий регіон Добруджа, проблема збереження вологи молодих лоз"
Розова Долина Агро ООД,https://exemplu-rose-valley.bg,Bulgaria,bg,essential_oils_and_herbs,"Маслодайна роза, лавандула, мента",Димитър Георгиев,info@exemplu-rose-valley.bg,+359 888 123 456,NEW,,,"Закриване на нови площи лавандула, нулева смъртност на разсада"
Hellenic Olive Groves & Citrus SA,https://exemplu-hellenic-olives.gr,Greece,el,vineyards_and_orchards,"Ελαιώνες, εσπεριδοειδή (Оливи, цитруси)",Nikos Papadopoulos,agronomy@exemplu-hellenic-olives.gr,+30 210 999 888,NEW,,,"Пелопонес, критичний дефіцит поливної води в липні-серпні"
Olivares & Viñedos de Andalucía SL,https://ejemplo-olivares-andalucia.es,Spain,es,vineyards_and_orchards,"Olivares intensivos, viñedos, almendros (Оливи, виноград, мигдаль)",Ing. Carlos Mendoza,agronomia@ejemplo-olivares-andalucia.es,+34 954 112 233,NEW,,,"Андалусія: гостра засуха, обмеження кубометрів води на гектар"
Azienda Agricola & Vivai Toscana SpA,https://esempio-vivai-toscana.it,Italy,it,nurseries_and_greenhouses,"Vivai viticoli, barbatelle e olivi in vaso (Розсадники винограду та оливок)",Dott.ssa Laura Moretti,direzione@esempio-vivai-toscana.it,+39 055 887 766,NEW,,,Тоскана: 100% приживлюваність саджанців при продажу фермерам
Vignobles & Domaines du Languedoc SAS,https://exemple-vignobles-languedoc.fr,France,fr,vineyards_and_orchards,"Vignobles AOP, jeunes plantations de vignes (Виноградники)",Jean-Marc Dubois,contact@exemple-vignobles-languedoc.fr,+33 4 67 00 11 22,NEW,,,Південь Франції: префектурні заборони на зрошення влітку
Quinta & Olivais do Alentejo Lda,https://exemplo-alentejo-agro.pt,Portugal,pt,vineyards_and_orchards,"Olivais em sebe, vinha e amendoal (Оливи, виноград, мигдаль)",Eng. Tiago Ferreira,producao@exemplo-alentejo-agro.pt,+351 266 123 456,NEW,,,"Алентежу: спекотне посушливе літо, висока вартість поливу"
Istra Maslina & Vina d.o.o.,https://primjer-istra-maslina.hr,Croatia,hr,vineyards_and_orchards,Maslinici i vinogradi (Оливкові гаї та виноградники),Goran Horvat,info@primjer-istra-maslina.hr,+385 52 334 455,NEW,,,"Істрія: кам’янистий карстовий ґрунт, вода миттєво стікає"
Vipavska Sadjarstvo & Vinogradništvo d.o.o.,https://primer-vipava-sadje.si,Slovenia,sl,vineyards_and_orchards,"Breskve, češnje, vinska trta (Персики, черешні, виноград)",Matej Novak,kmetijstvo@primer-vipava-sadje.si,+386 5 366 1122,NEW,,,Випавська долина: сухі вітри та нестача води в фазі наливу плодів
Podunajské Zeleninárstvo & Sady s.r.o.,https://priklad-podunajsko-zelenina.sk,Slovakia,sk,vegetable_and_berry_growers,"Polná zelenina, zemiaky, paprika (Овочі відкритого ґрунту, картопля, перець)",Ing. Peter Kováč,odbyt@priklad-podunajsko-zelenina.sk,+421 35 770 1234,NEW,,,Дунайська низина: піщані ґрунти з швидким вимиванням добрив
