name,category,date,adress,city,index,website,phone,Google Maps,email,instagram,culture,status,generation sheet,col13_unused,col14_unused,col15_unused,category (Ukr),city ​​(Ukr)
Garden Center,Garden center,2026-09-23,"1o Χμ Κασσάνδρειας-Σίβηρης, Kassandria 630 77, Greece",Kassandreia,63077,http://www.terrascapes.gr/,+30 2374 025300,"{""lat"":40.0502972,""lng"":23.4050465}",info@terrascapes.gr,https://www.instagram.com/terrascapes_zaxostselepis,Garden center,✅ Лист відправлено,"Subject: Οικονομικό όφελος & 50% μείωση λογαριασμών άντλησης για την Garden Center (στη Χαλκιδική & Κεντρική Μακεδονία)

Αξιότιμη ομάδα της Garden Center,

Επικοινωνούμε μαζί σας σχετικά με τις καλλιεργητικές δραστηριότητες της Garden Center (Garden center (Kassandreia)) στη Χαλκιδική & Κεντρική Μακεδονία.
στη Χαλκιδική και την Κεντρική Μακεδονία, τα αμμώδη ή επικλινή εδάφη και η παντελής απουσία βροχόπτωσης τους μήνες Ιούνιο–Αύγουστο έχουν ως αποτέλεσμα το νερό και τα λιπάσματα να χάνονται ταχύτατα στα κατώτερα στρώματα, επιβαρύνοντας το κόστος λειτουργίας των γεωτρήσεων και πιέζοντας τις καλλιέργειες σε περίοδο ωρίμανσης.

Σε περιόδους καύσωνα (35-40°C), η παραδοσιακή άρδευση χάνει 40-50% του νερού σε εξάτμιση και διαρροή, παρασύροντας και τα ακριβά λιπάσματα N-P-K.

Το TERAWET-ORIGINAL® (οικολογικό υπεραπορροφητικό καλίου, 25 χρόνια εμπειρίας στην Ευρώπη) λειτουργεί ως έξυπνος υπόγειος ταμιευτήρας νερού στη ρίζα.

🌱 ΟΙ ΘΕΤΙΚΕΣ ΑΛΛΑΓΕΣ ΓΙΑ ΤΗΝ ΕΚΜΕΤΑΛΛΕΥΣΗ ΣΑΣ:
- 💧 Μείωση κατανάλωσης νερού κατά 50%-60% (απορροφά 400x το βάρος του σε νερό).
- ⚡ Έως 50% εξοικονόμηση ρεύματος για αντλίες (Μόνιμη δέσμευση νερού και λιπασμάτων στη ρίζα, διατήρηση ισορροπημένης ωρίμανσης (Brix/οξύτητα) και μείωση του κόστους άντλησης κατά 50%.).
- 🧪 Εξοικονόμηση άνω του 30%-40% στα λιπάσματα N-P-K.
- 🍇 Εξάλειψη θερμικού στρες, διατήρηση καρπόδεσης, άριστο μέγεθος και Brix.
- 🌱 100% επιτυχία ριζοβολίας νέων φυτεύσεων με πάστα T100.
- ⏳ 7 έως 10 ΧΡΟΝΙΑ ενεργής δράσης με μία μόνο εφαρμογή (απόσβεση από τον 1ο χρόνο).

Για Φυτώρια & Νέες Φυτεύσεις: Εμβάπτιση των γυμνών ριζών σε πάστα γέλης TERAWET® T100 (5–8 g/L νερού) εγγυάται 100% επιτυχία ριζοβολίας χωρίς μεταφυτευτικό σοκ. Για υποστρώματα σε γλάστρες, η ενσωμάτωση T400 (1.5–2 kg/m³) μειώνει τη συχνότητα ποτίσματος κατά 60%.

ΣΥΣΚΕΥΑΣΙΕΣ ΚΑΙ ΠΑΡΑΓΓΕΛΙΑ:
- Σάκοι 25 kg (360 €) για εμπορικές εκτάσεις.
- Συσκευασία 1 kg για δοκιμές.
👉 Παραγγελίες online: https://www.tera-wet.com

---
Vanya Kolarova
+359888516501

Bendyk Dmytro
Sales Manager at TeraWet
Phone/WhatsApp: +380502365858 / +359889175452
Email: Terawet.original@gmail.com
Website: www.tera-wet.com
Facebook: https://www.facebook.com/share/1HQAp8QqRt/
Instagram: https://www.instagram.com/terawet.original
LinkedIn: https://www.linkedin.com/in/terawet-теравет-a7ba0a3b3

---
Εάν δεν επιθυμείτε να λαμβάνετε περαιτέρω επαγγελματικές ενημερώσεις, παρακαλούμε απαντήστε με 'Διαγραφή'.",,,,,
Design Garden,Garden center,2026-09-30,"Epar.Od. Nikitis-Sartis, Sithonia 630 88, Greece",Sithonia,63088,http://www.designgreen.gr/,+30 2375 023760,"{""lat"":40.2179894,""lng"":23.6766472}",info@designgreen.gr,https://www.instagram.com/DesignGreen_,Garden center,✅ Лист відправлено,"Subject: Enhance Your Plant Care with TeraWet

Dear Design Garden Team,

I hope this message finds you well in beautiful Sithonia. 

As a garden center, you undoubtedly face the challenges of maintaining healthy plants in a hot climate, where high temperatures can stress your seedlings and lead to costly losses. Additionally, the ever-growing expenses associated with irrigation can put a strain on your profit margins, especially during dry periods when water becomes scarce.

To help you address these pain points, I would like to introduce you to TeraWet, an innovative superabsorbent solution designed to retain moisture in the soil. With TeraWet, you can significantly reduce watering frequency by up to 50%. This not only conserves water but also protects your plants from the rigors of hot weather, ensuring that they thrive in your care. 

By incorporating TeraWet into your gardening practices, you can improve the resilience of your plants, decrease operational costs, and ultimately boost your sales by reducing the risk of plant loss. 

I would love to discuss how TeraWet can benefit Design Garden and help you grow your business sustainably. Please feel free to reach out to me at your convenience.

Best regards,

Bendyk Dmytro  
Sales Manager at TeraWet  
Phone/WhatsApp: +380502365858/+359889175452  
Email: Terawet.original@gmail.com  
Website: www.tera-wet.com",,,,,
Tzikas' Family Winery,Οινοποιείο,2026-09-30,"1st klm, Σίβηρη 630 77, Ελλάδα",Σίβηρη,63077,https://www.tzikaswinery.gr/,+30 697 900 2016,"{""lat"":40.046902,""lng"":23.3980634}",info@tzikaswinery.gr,,Οινοποιείο,✅ Лист відправлено,"Subject: Enhance Your Vineyard's Resilience with TeraWet

Dear Tzikas' Family Winery Team,

I hope this message finds you well in beautiful Σίβηρη. My name is Bendyk Dmytro, and I'm reaching out to introduce you to a solution that could significantly impact your vineyard's productivity and sustainability—TeraWet superabsorbent.

As a winery committed to producing exceptional wines, I understand that maintaining vibrant and healthy grapevines is crucial, especially in the face of challenges like extreme heat and water scarcity. With TeraWet, you can maximize the survival of your vineyards by effectively retaining moisture in the soil, ultimately reducing your irrigation frequency and costs by up to 50%. 

Our innovative product not only helps in preserving soil moisture during those scorching periods, but it also minimizes the risk of crop loss due to drying out. This means healthier vines and a more bountiful harvest without the added stress of high water expenses.

I would love to discuss how TeraWet can benefit your esteemed winery and contribute to the longevity of your crops. Please feel free to reach out via phone or email at your convenience.

Looking forward to the possibility of working together to enhance your vineyard's resilience.

Best regards,

Bendyk Dmytro  
Sales Manager at TeraWet  
Phone/WhatsApp: +380502365858 / +359889175452  
Email: Terawet.original@gmail.com  
Website: www.tera-wet.com",,,,,
Κτήμα Γεροβασιλείου,Οινοποιείο,2026-09-30,"ktima Gerovassiliou, Επανομή 575 00, Ελλάδα",Επανομή,57500,http://www.gerovassiliou.gr/,+30 2392 044567,"{""lat"":40.4493867,""lng"":22.9247422}",ktima@gerovassiliou.gr,https://www.instagram.com/ktima_gerovassiliou,Οινοποιείο,✅ Лист відправлено,"Subject: Enhance Your Vineyard’s Efficiency with TeraWet

Dear Κτήμα Γεροβασιλείου Team,

I hope this message finds you well in Επανομή. I am reaching out to introduce you to an innovative solution that can help address some of the challenges your vineyard may be facing, particularly concerning irrigation difficulties in the hot climate.

TeraWet is a superabsorbent hydrogel that retains moisture in the soil, reducing the frequency of irrigation by up to 50%. This means less spending on water and, most importantly, healthier grapevines that are resilient against drought conditions. Imagine not only saving on watering costs but also ensuring that your precious crops thrive, even when the heat is on.

Our product can be a game-changer for your vineyard, improving moisture retention and reducing the risk of soil dryness that impacts plant survival. By incorporating TeraWet into your growing process, you can enhance both the productivity and sustainability of your operations.

I would love the opportunity to discuss how TeraWet can benefit your vineyard specifically. Please feel free to reach out to me directly, and we can set up a time that works for you.

Looking forward to your reply.

Best regards,

Bendyk Dmytro  
Sales Manager at TeraWet  
Phone/WhatsApp: +380502365858/+359889175452  
Email: Terawet.original@gmail.com  
Website: www.tera-wet.com",,,,,
Domaine Agrovision,Οινοποιείο,2026-09-30,"Ξηροπόταμος, Χαλκιδικής, Ιερισσός 630 75, Ελλάδα",Ιερισσός,63075,https://agrovision-dk.gr/,+30 694 281 3331,"{""lat"":40.3777579,""lng"":23.8848971}",agrovision.gr@gmail.com,https://www.instagram.com/domaine_agrovision,Οινοποιείο,✅ Лист відправлено,"Subject: Optimize Your Vineyard Irrigation with TeraWet

Dear Domaine Agrovision Team,

I hope this message finds you well in the beautiful city of Ιερισσός. My name is Bendyk Dmytro, and I am the Sales Manager at TeraWet. I am reaching out to introduce you to our cutting-edge superabsorbent product, TeraWet, which can help you address some key challenges in your vineyard operations.

As a wine production business, I understand that high irrigation costs and the need for sustainable water management can significantly impact your operations. Our TeraWet superabsorbent is designed to retain moisture in the soil, which can reduce your irrigation requirements by up to 50%. Not only can this lead to substantial cost savings, but it also supports your sustainability goals by conserving water and improving the overall health of your vineyards.

In addition to reducing water usage, TeraWet enhances soil moisture levels, ensuring that your grapevines receive the hydration they need for optimal growth. By maintaining a consistent level of moisture in the soil, you can expect an increase in grape yield and quality, ultimately leading to improved product offerings for your customers.

We would love to discuss how TeraWet can specifically benefit Domaine Agrovision and help you overcome the pain points of high irrigation costs and water scarcity. 

Please feel free to contact me directly via phone or WhatsApp at +380502365858/+359889175452, or through email at Terawet.original@gmail.com. For more information about our product and its benefits, please visit our website at www.tera-wet.com or follow us on social media.

Thank you for considering TeraWet as your partner in enhancing your vineyard sustainability and productivity. I look forward to the possibility of working together.

Best regards,

Bendyk Dmytro  
Sales Manager at TeraWet  
Phone/WhatsApp: +380502365858/+359889175452  
Email: Terawet.original@gmail.com  
Website: www.tera-wet.com  
Facebook: https://www.facebook.com/share/1HQAp8QqRt/  
Instagram: https://www.instagram.com/terawet.original  
LinkedIn: https://www.linkedin.com/in/terawet-теравет-a7ba0a3b3",,,,,
Moschopolis Winery,Οινοποιείο,2026-09-30,"Μονοπήγαδο 570 06, Ελλάδα",Μονοπήγαδο,57006,http://www.moschopoliswines.gr/,+30 697 520 9992,"{""lat"":40.4338724,""lng"":23.1340287}",info@moschopoliswines.gr,,Οινοποιείο,✅ Лист відправлено,"Subject: Enhance Your Vineyard's Irrigation Efficiency with TeraWet

Dear Moschopolis Winery,

I hope this message finds you well. My name is Bendyk Dmytro, and I am the Sales Manager at TeraWet. I wanted to reach out regarding an opportunity to enhance your irrigation practices at your winery located in beautiful Μονοπήγαδο.

As you may know, water scarcity can pose a significant challenge for vineyard management, especially as we move towards more sustainable farming practices. Our product, TeraWet, is a superabsorbent hydrogel designed to improve soil moisture retention, helping you save up to 50% on your irrigation needs. 

By integrating TeraWet into your vineyard management, you can not only reduce water usage but also support the overall health of your soil and vines. Our hydrogel helps create a sustainable solution that aligns perfectly with the growing demand for eco-friendly practices in winemaking.

I would love the opportunity to discuss how TeraWet can specifically benefit Moschopolis Winery and help you achieve your sustainability goals. 

Please feel free to reach out to me at your convenience.

Best regards,

Bendyk Dmytro  
Sales Manager at TeraWet  
Phone/WhatsApp: +380502365858 / +359889175452  
Email: Terawet.original@gmail.com  
Website: www.tera-wet.com  
Facebook: https://www.facebook.com/share/1HQAp8QqRt/  
Instagram: https://www.instagram.com/terawet.original  
LinkedIn: https://www.linkedin.com/in/terawet-теравет-a7ba0a3b3",,,,,
KTIMA LIVADIOTI,Οινοποιείο,2026-09-30,"Μαραθούσσα 570 12, Ελλάδα",Μαραθούσσα,57012,https://ktima-livadioti.gr/en/homepage,+30 2371 095455,"{""lat"":40.5561099,""lng"":23.4655472}",ktima.livadioti@gmail.com,https://www.instagram.com/livadioti_estate,Οινοποιείο,✅ Лист відправлено,"Subject: Enhance Your Winery's Sustainability with TeraWet

Dear KTIMA LIVADIOTI Team,

I hope this message finds you well. My name is Bendyk Dmytro, and I am the Sales Manager at TeraWet. I am reaching out to you from our headquarters, and I am excited to introduce a product that can greatly benefit your winery in Μαραθούσσα.

TeraWet is a superabsorbent polymer designed to significantly reduce water usage for irrigation and maintenance—up to an impressive 50%! As the wine industry increasingly prioritizes sustainable practices, our hydrogel not only helps in conserving precious water resources but also enhances soil health. This dual advantage leads to improved crop yield and grape quality, which we know are vital for achieving the best results in your viniculture efforts.

Sustainability is not just a trend, but a necessity. By incorporating TeraWet into your cultivation process, you can contribute to a more environmentally friendly approach while ensuring that your grapes thrive, resulting in exceptional quality wines that resonate with conscientious consumers.

I would love the opportunity to further discuss how TeraWet can support KTIMA LIVADIOTI in achieving your sustainability goals and enhancing your wine production. Please feel free to reach out to me at your convenience.

Thank you for considering this innovation for your winery. I look forward to the possibility of working together.

Best regards,

Bendyk Dmytro  
Sales Manager at TeraWet  
Phone/WhatsApp: +380502365858 / +359889175452  
Email: Terawet.original@gmail.com  
Website: www.tera-wet.com  
Facebook: https://www.facebook.com/share/1HQAp8QqRt/  
Instagram: https://www.instagram.com/terawet.original  
LinkedIn: https://www.linkedin.com/in/terawet-теравет-a7ba0a3b3",,,,,
Akrathos Newland Winery,Οινοποιείο,2026-09-30,"Μεγάλη Παναγία 630 76, Ελλάδα",Μεγάλη Παναγία,63076,http://www.akrathoswinery.com/,+30 698 054 5466,"{""lat"":40.4490215,""lng"":23.6682381}",hello@akrathoswinery.com,https://www.instagram.com/akrathoswinery,Οινοποιείο,✅ Лист відправлено,"Subject: Enhance Your Vineyard's Efficiency with TeraWet

Dear Akrathos Newland Winery Team,

I hope this message finds you well in Μεγάλη Παναγία. My name is Bendyk Dmytro, and I am the Sales Manager at TeraWet. We specialize in innovative hydrogel solutions designed to optimize water management in vineyard cultivation.

As you are likely aware, water management has become a critical concern for wineries, particularly when it comes to maximizing irrigation efficiency while maintaining the quality of your grapes. At TeraWet, we can help you address these challenges directly.

Our superabsorbent hydrogel product, TeraWet, has been proven to enhance soil moisture retention by up to 50%. By improving soil hydration, our solution reduces the frequency of irrigation needed, allowing you to save on water usage and, in turn, reduce costs. This is especially crucial for maintaining the quality of the grapes, which is essential for creating the finest wines.

I would love to discuss how TeraWet could bring significant value to Akrathos Newland Winery and explore ways we can collaborate to enhance your vineyard's efficiency. 

Please feel free to reach out to me via phone/WhatsApp at +380502365858 or +359889175452, or you can email me at Terawet.original@gmail.com. I look forward to connecting and discussing the possibilities further.

Best regards,

Bendyk Dmytro  
Sales Manager at TeraWet  
Phone/WhatsApp: +380502365858 / +359889175452  
Email: Terawet.original@gmail.com  
Website: www.tera-wet.com  
Facebook: https://www.facebook.com/share/1HQAp8QqRt/  
Instagram: https://www.instagram.com/terawet.original  
LinkedIn: https://www.linkedin.com/in/terawet-теравет-a7ba0a3b3",,,,,
Konstantara Wines,Οινοποιείο,2026-09-30,"Unnamed Road, Νέα Προποντίδα 632 00, Ελλάδα",Νέα Προποντίδα,63200,https://www.konstantarawines.com/,+30 2373 771092,"{""lat"":40.3059213,""lng"":23.2998134}",info@konstantarawines.com,,Οινοποιείο,✅ Лист відправлено,"Subject: Enhance Your Vineyard's Efficiency with TeraWet

Dear Konstantara Wines Team,

I hope this message finds you well. My name is Bendyk Dmytro, and I am the Sales Manager at TeraWet. I am reaching out to introduce you to our revolutionary superabsorbent product, TeraWet, which is designed to optimize water retention in soil and help businesses like yours achieve significant savings on irrigation.

As a winery located in Νέα Προποντίδα, I understand that efficient water usage is crucial for grape cultivation. With the increasing need to reduce water costs and enhance sustainability practices, TeraWet can provide you with a solution that aligns perfectly with your goals. Our product has been shown to reduce irrigation frequency by up to 50%, while also improving grape yield and overall vineyard health.

One of our clients in the agricultural sector experienced remarkable results after integrating TeraWet into their irrigation practices, leading to both cost savings and enhanced productivity. I would be more than happy to share this case study or connect you with them for further insights.

I believe TeraWet can greatly benefit Konstantara Wines, and I would love the opportunity to discuss this further with you. If you're interested, please feel free to reach out via phone, WhatsApp, or email at your convenience.

Thank you for your time, and I look forward to the possibility of collaborating with you to promote sustainable winemaking practices at Konstantara Wines.

Best regards,

Bendyk Dmytro  
Sales Manager at TeraWet  
Phone/WhatsApp: +380502365858 / +359889175452  
Email: Terawet.original@gmail.com  
Website: [www.tera-wet.com](http://www.tera-wet.com)  
Facebook: [TeraWet on Facebook](https://www.facebook.com/share/1HQAp8QqRt/)  
Instagram: [TeraWet on Instagram](https://www.instagram.com/terawet.original)  
LinkedIn: [TeraWet on LinkedIn](https://www.linkedin.com/in/terawet-теравет-a7ba0a3b3)",,,,,
Spyropoulos Winery - Οινοποιία Σπυρόπουλου,Οινοποιείο,2026-09-30,"Νέα Μεσημβρία, 570 11, Ελλάδα",Αγ. Αθανάσιος,57011,https://spyropouloswinery.gr/,+30 231 071 3182,"{""lat"":40.7340816,""lng"":22.7838376}",info@spyropouloswinery.gr,https://www.instagram.com/spyropoulos_winery,Οινοποιείο,✅ Лист відправлено,"Subject: Enhance Your Vineyard's Water Management with TeraWet  

Dear Spyropoulos Winery Team,  

I hope this message finds you well. My name is Bendyk Dmytro, and I am the Sales Manager at TeraWet. I am reaching out to introduce our innovative superabsorbent technology that could significantly benefit your vineyard located in Αγ. Αθανάσιος.  

At TeraWet, we specialize in hydrogel products designed to enhance water retention in soil. Our superabsorbents can reduce your irrigation needs by up to 50%, ultimately helping you manage water resources more efficiently while improving the yield and quality of your grapes. By retaining soil moisture, our technology ensures that your vines have consistent access to the water they need, especially during dry periods.  

We understand that effective water management is crucial for the success of a winery, and we believe that TeraWet can play an essential role in optimizing your irrigation practices. By incorporating our products, you can not only enhance the moisture levels of your soil but also contribute to sustainable practices in your vineyard.  

I would love to discuss how TeraWet can support Spyropoulos Winery's goals. Please let me know a convenient time for a conversation, or feel free to reach out to me directly at your earliest convenience.  

Thank you for considering TeraWet as a potential partner. I look forward to the possibility of working together.  

Best regards,  
Bendyk Dmytro  
Sales Manager at TeraWet  
Phone/WhatsApp: +380502365858 / +359889175452  
Email: Terawet.original@gmail.com  
Website: www.tera-wet.com  
Facebook: https://www.facebook.com/share/1HQAp8QqRt/  
Instagram: https://www.instagram.com/terawet.original  
LinkedIn: https://www.linkedin.com/in/terawet-теравет-a7ba0a3b3",,,,,
Petralona Winery,Οινοποιείο,2026-09-22,"Petralona Cave, Road to, Πετράλωνα 630 80, Ελλάδα",Πετράλωνα,63080,http://www.petrawine.gr/,+30 2373 071493,"{""lat"":40.3574823,""lng"":23.163625}",info@petrawine.gr,,Οινοποιείο,✅ Лист відправлено,"Subject: 50% εξοικονόμηση νερού άρδευσης και προστασία από την ξηρασία για την Petralona Winery (στη Χαλκιδική & Κεντρική Μακεδονία)

Αξιότιμη ομάδα της Petralona Winery,

Επικοινωνούμε μαζί σας σχετικά με τις καλλιεργητικές δραστηριότητες της Petralona Winery (Οινοποιείο (Πετράλωνα)) στη Χαλκιδική & Κεντρική Μακεδονία.
στη Χαλκιδική και την Κεντρική Μακεδονία, τα αμμώδη ή επικλινή εδάφη και η παντελής απουσία βροχόπτωσης τους μήνες Ιούνιο–Αύγουστο έχουν ως αποτέλεσμα το νερό και τα λιπάσματα να χάνονται ταχύτατα στα κατώτερα στρώματα, επιβαρύνοντας το κόστος λειτουργίας των γεωτρήσεων και πιέζοντας τις καλλιέργειες σε περίοδο ωρίμανσης.

Σε περιόδους καύσωνα (35-40°C), η παραδοσιακή άρδευση χάνει 40-50% του νερού σε εξάτμιση και διαρροή, παρασύροντας και τα ακριβά λιπάσματα N-P-K.

Το TERAWET-ORIGINAL® (οικολογικό υπεραπορροφητικό καλίου, 25 χρόνια εμπειρίας στην Ευρώπη) λειτουργεί ως έξυπνος υπόγειος ταμιευτήρας νερού στη ρίζα.

🌱 ΟΙ ΘΕΤΙΚΕΣ ΑΛΛΑΓΕΣ ΓΙΑ ΤΗΝ ΕΚΜΕΤΑΛΛΕΥΣΗ ΣΑΣ:
- 💧 Μείωση κατανάλωσης νερού κατά 50%-60% (απορροφά 400x το βάρος του σε νερό).
- ⚡ Έως 50% εξοικονόμηση ρεύματος για αντλίες (Μόνιμη δέσμευση νερού και λιπασμάτων στη ρίζα, διατήρηση ισορροπημένης ωρίμανσης (Brix/οξύτητα) και μείωση του κόστους άντλησης κατά 50%.).
- 🧪 Εξοικονόμηση άνω του 30%-40% στα λιπάσματα N-P-K.
- 🍇 Εξάλειψη θερμικού στρες, διατήρηση καρπόδεσης, άριστο μέγεθος και Brix.
- 🌱 100% επιτυχία ριζοβολίας νέων φυτεύσεων με πάστα T100.
- ⏳ 7 έως 10 ΧΡΟΝΙΑ ενεργής δράσης με μία μόνο εφαρμογή (απόσβεση από τον 1ο χρόνο).

Για Αμπελώνες: 10–15 g TERAWET® T400 στη ριζόσφαιρα κάθε πρέμνου (ή κατά τη φύτευση) εξασφαλίζουν συνεχή διαθεσιμότητα υγρασίας χωρίς υπερβολική βλαστική ανάπτυξη. Αποτρέπεται το θερμικό σοκ, ενισχύεται η σύνθεση ανθοκυανών, ομοιόμορφος δείκτης Brix και σταθερή οξύτητα.

ΣΥΣΚΕΥΑΣΙΕΣ ΚΑΙ ΠΑΡΑΓΓΕΛΙΑ:
- Σάκοι 25 kg (360 €) για εμπορικές εκτάσεις.
- Συσκευασία 1 kg για δοκιμές.
👉 Παραγγελίες online: https://www.tera-wet.com

---
Vanya Kolarova
+359888516501

Bendyk Dmytro
Sales Manager at TeraWet
Phone/WhatsApp: +380502365858 / +359889175452
Email: Terawet.original@gmail.com
Website: www.tera-wet.com
Facebook: https://www.facebook.com/share/1HQAp8QqRt/
Instagram: https://www.instagram.com/terawet.original
LinkedIn: https://www.linkedin.com/in/terawet-теравет-a7ba0a3b3

---
Εάν δεν επιθυμείτε να λαμβάνετε περαιτέρω επαγγελματικές ενημερώσεις, παρακαλούμε απαντήστε με 'Διαγραφή'.",,,,,
"ΜΙΧΟΣ, Χ., & ΣΙΑ Ο.Ε.",Προμηθευτής/τρια εξοπλισμού άρδευσης,2026-09-23,"6ης Οκτωβρίου 63, Ελασσόνα 402 00, Ελλάδα",Ελασσόνα,40200,http://www.michosbros.gr/,+30 2493 022317,"{""lat"":39.8957388,""lng"":22.1874197}",xmichosoe@gmail.com,,Προμηθευτής/τρια εξοπλισμού άρδευσης,✅ Лист відправлено,"Subject: Οικονομικό όφελος & 50% μείωση λογαριασμών άντλησης για την ΜΙΧΟΣ, Χ., & ΣΙΑ Ο.Ε. (στη Θεσσαλία)

Αξιότιμη ομάδα της ΜΙΧΟΣ, Χ., & ΣΙΑ Ο.Ε.,

Επικοινωνούμε μαζί σας σχετικά με τις καλλιεργητικές δραστηριότητες της ΜΙΧΟΣ, Χ., & ΣΙΑ Ο.Ε. (Προμηθευτής/τρια εξοπλισμού άρδευσης (Ελασσόνα)) στη Θεσσαλία.
στη Θεσσαλία, ο υπεραντλημένος υδροφόρος ορίζοντας, η συνεχής πτώση της στάθμης των γεωτρήσεων και οι παρατεταμένοι καύσωνες άνω των 42°C απειλούν άμεσα την παραγωγή. Οι λογαριασμοί ρεύματος για τις αντλίες άρδευσης έχουν εκτοξευθεί, ενώ τα επιφανειακά ποτίσματα εξατμίζονται άμεσα ή παρασύρουν τα ακριβά υδατοδιαλυτά λιπάσματα στα βαθύτερα στρώματα.

Σε περιόδους καύσωνα (35-40°C), η παραδοσιακή άρδευση χάνει 40-50% του νερού σε εξάτμιση και διαρροή, παρασύροντας και τα ακριβά λιπάσματα N-P-K.

Το TERAWET-ORIGINAL® (οικολογικό υπεραπορροφητικό καλίου, 25 χρόνια εμπειρίας στην Ευρώπη) λειτουργεί ως έξυπνος υπόγειος ταμιευτήρας νερού στη ρίζα.

🌱 ΟΙ ΘΕΤΙΚΕΣ ΑΛΛΑΓΕΣ ΓΙΑ ΤΗΝ ΕΚΜΕΤΑΛΛΕΥΣΗ ΣΑΣ:
- 💧 Μείωση κατανάλωσης νερού κατά 50%-60% (απορροφά 400x το βάρος του σε νερό).
- ⚡ Έως 50% εξοικονόμηση ρεύματος για αντλίες (Αποφόρτιση των γεωτρήσεων κατά 50% και διασφάλιση συνεχούς υγρασίας στη ρίζα ακόμα και στις πιο κρίσιμες ημέρες καύσωνα.).
- 🧪 Εξοικονόμηση άνω του 30%-40% στα λιπάσματα N-P-K.
- 🍇 Εξάλειψη θερμικού στρες, διατήρηση καρπόδεσης, άριστο μέγεθος και Brix.
- 🌱 100% επιτυχία ριζοβολίας νέων φυτεύσεων με πάστα T100.
- ⏳ 7 έως 10 ΧΡΟΝΙΑ ενεργής δράσης με μία μόνο εφαρμογή (απόσβεση από τον 1ο χρόνο).

Για Υπαίθριες & Θερμοκηπιακές Καλλιέργειες: 2–3 kg TERAWET® T400 ανά στρέμμα (1000 m²) ή 10–15 g ανά φυτό. Δημιουργεί ένα ενεργό υδροστρώμα διάρκειας 7–10 ετών, μειώνοντας την κατανάλωση νερού και λιπασμάτων στο μισό.

ΣΥΣΚΕΥΑΣΙΕΣ ΚΑΙ ΠΑΡΑΓΓΕΛΙΑ:
- Σάκοι 25 kg (360 €) για εμπορικές εκτάσεις.
- Συσκευασία 1 kg για δοκιμές.
👉 Παραγγελίες online: https://www.tera-wet.com

---
Vanya Kolarova
+359888516501

Bendyk Dmytro
Sales Manager at TeraWet
Phone/WhatsApp: +380502365858 / +359889175452
Email: Terawet.original@gmail.com
Website: www.tera-wet.com
Facebook: https://www.facebook.com/share/1HQAp8QqRt/
Instagram: https://www.instagram.com/terawet.original
LinkedIn: https://www.linkedin.com/in/terawet-теравет-a7ba0a3b3

---
Εάν δεν επιθυμείτε να λαμβάνετε περαιτέρω επαγγελματικές ενημερώσεις, παρακαλούμε απαντήστε με 'Διαγραφή'.",,,,,
Κατσάνας - Αγροτικά μηχανήματα,Προμηθευτής αγροτικού εξοπλισμού,2026-09-30,"Βασίλη Τσιτσάνη, 174Τρίκαλα 421 00, Ελλάδα",174Τρίκαλα,42100,http://www.kkatsanas.gr/,+30 2431 024924,"{""lat"":39.5548166,""lng"":21.7858218}",kon-ar@otenet.gr,,Προμηθευτής αγροτικού εξοπλισμού,✅ Лист відправлено,"Subject: Enhance Your Agricultural Solutions with TeraWet

Dear Κατσάνας - Αγροτικά μηχανήματα Team,

I hope this message finds you well. My name is Bendyk Dmytro, and I am the Sales Manager at TeraWet. We are an innovative company dedicated to transforming agricultural practices with our advanced superabsorbent product, TeraWet.

As an agricultural equipment supplier based in 174 Τρίκαλα, I believe your business could significantly benefit from incorporating TeraWet into your range of offerings. Our superabsorbent technology can save up to 50% on watering, which addresses two critical pain points in modern agriculture: enhancing crop yield and promoting resource efficiency.

TeraWet's unique formulation improves soil moisture retention, leading to healthier crops and improved agricultural outcomes. By integrating this revolutionary product into your solutions portfolio, you not only differentiate your offerings in a competitive market but also position yourself as a leader in innovative agricultural practices.

I would love to discuss this opportunity further and explore how we can work together to offer TeraWet to your customers. 

Thank you for considering this exciting opportunity. I look forward to hearing from you soon.

Best regards,

Bendyk Dmytro  
Sales Manager at TeraWet  
Phone/WhatsApp: +380502365858 / +359889175452  
Email: Terawet.original@gmail.com  
Website: www.tera-wet.com  
Facebook: https://www.facebook.com/share/1HQAp8QqRt/  
Instagram: https://www.instagram.com/terawet.original  
LinkedIn: https://www.linkedin.com/in/terawet-теравет-a7ba0a3b3",,,,,
FAMILYFARM,Γαλακτοπαραγωγική φάρμα,2026-09-30,"Αλμυρός 371 00, Ελλάδα",Αλμυρός,37100,http://www.familyfarm.gr/,+30 2422 025902,"{""lat"":39.1567254,""lng"":22.7647059}",info@familyfarm.gr,,Γαλακτοπαραγωγική φάρμα,✅ Лист відправлено,"Subject: Enhance Dairy Production Efficiency with TeraWet

Dear FAMILYFARM Team,

I hope this message finds you well in beautiful Αλμυρός!

My name is Bendyk Dmytro, and I am the Sales Manager at TeraWet. I am reaching out to share an innovative solution that can help FAMILYFARM address some of the challenges you face in dairy production, particularly concerning high water usage and the need for efficient irrigation.

At TeraWet, we specialize in superabsorbent polymer technology that can reduce water consumption by up to 50%. Our hydrogel products are designed to improve soil moisture retention, thereby enhancing crop yield for your pastures. This not only promotes efficient irrigation practices but also aligns with your sustainability goals and reduces overall operational costs.

By integrating TeraWet into your farming practices, you can significantly enhance the efficiency of your dairy operations and contribute to sustainable agriculture. 

I would love to discuss this opportunity further and explore how TeraWet can benefit FAMILYFARM. Please feel free to reach out via phone or WhatsApp at +380502365858 or +359889175452, or you can reply to this email.

Looking forward to connecting with you!

Best regards,

Bendyk Dmytro  
Sales Manager at TeraWet  
Phone/WhatsApp: +380502365858 / +359889175452  
Email: Terawet.original@gmail.com  
Website: www.tera-wet.com  
Facebook: https://www.facebook.com/share/1HQAp8QqRt/  
Instagram: https://www.instagram.com/terawet.original  
LinkedIn: https://www.linkedin.com/in/terawet-теравет-a7ba0a3b3",,,,,
HYDRO ELECTRICA,Προμηθευτής/τρια εξοπλισμού άρδευσης,2026-09-30,"Μανδηλαρά 3, Λάρισα 412 22, Ελλάδα",Λάρισα,412 22,https://hydro-electrica.com/,+30 241 062 8040,"{""lat"":39.634639,""lng"":22.4138829}",info@hydro-electrica.com,https://www.instagram.com/hydro_electrica,Προμηθευτής/τρια εξοπλισμού άρδευσης,✅ Лист відправлено,"Subject: Transform Your Irrigation Solutions with TeraWet

Dear HYDRO ELECTRICA Team,

I hope this message finds you well in Λάρισα. My name is Bendyk Dmytro, and I am the Sales Manager at TeraWet. We specialize in providing innovative solutions for efficient irrigation, and I believe our product could be a game-changer for your business.

TeraWet is a superabsorbent hydrogel that can significantly enhance the water retention capacity of soil, allowing you to reduce irrigation frequency by up to 50%. This not only conserves precious water resources but also leads to substantial cost savings over time. As an irrigation equipment supplier, you understand the importance of offering water-efficient solutions, and TeraWet can help you meet the growing demand for innovative agricultural technologies.

Our hydrogel products are designed to improve crop yields while minimizing water usage, which aligns perfectly with your company's goals. By integrating TeraWet into your irrigation systems, you can provide your clients with a sustainable and effective way to manage their water resources.

I would love the opportunity to discuss how TeraWet can benefit your operations and support your customers' needs. Please feel free to reach out to me directly at +380502365858 or via WhatsApp at +359889175452. 

Thank you for considering TeraWet as a potential addition to your product offerings. I look forward to your response and hope to collaborate towards a more sustainable future.

Best regards,

Bendyk Dmytro  
Sales Manager at TeraWet  
Phone/WhatsApp: +380502365858 / +359889175452  
Email: Terawet.original@gmail.com  
Website: www.tera-wet.com  
Facebook: https://www.facebook.com/share/1HQAp8QqRt/  
Instagram: https://www.instagram.com/terawet.original  
LinkedIn: https://www.linkedin.com/in/terawet-теравет-a7ba0a3b3",,,,,
Πύργος Μυστρά,Ξενοδοχείο,2026-09-30,"Μυστράς 231 00, Ελλάδα",Μυστράς,231 00,http://pyrgosmystra.gr/en-us/,+30 2731 020870,"37.0673211, 22.3763864",info@pyrgosmystra.com,,Ξενοδοχείο,✅ Лист відправлено,,,,,,
Αρχαιολογικό Μουσείο Σπάρτης,Αρχαιολογικό μουσείο,2026-09-30,"Λυκούργου, Αγίου Νίκωνος &, Σπάρτη 231 00, Ελλάδα",Σπάρτη,231 00,https://archaeologicalmuseums.gr/el/museum/5df34af3deca5e2d79e8c1d5/archaeological-museum-of-sparti,+30 241 062 8040,"37.074259, 22.4316046","efalak@culture.gr, dameep@culture.gr",,Αρχαιολογικό μουσείο,✅ Лист відправлено,,,,,,
GreenLeaf Garden Center,Κατάστημα ειδών κηπουρικής,2026-09-30,"Ηρ. Πολυτεχνείου, Καλαμάτα 241 00, Ελλάδα",Καλαμάτα,241 00,https://green-leaf.gr/,+30 2721 097671,"37.0342336, 22.0999454",info@green-leaf.gr,https://www.instagram.com/green_leafgc,Κατάστημα ειδών κηπουρικής,✅ Лист відправлено,"Subject: Enhance Your Water Efficiency with TeraWet!

Dear GreenLeaf Garden Center Team,

I hope this message finds you well in beautiful Καλαμάτα! My name is Bendyk Dmytro, and I am the Sales Manager at TeraWet. I am reaching out to introduce you to our innovative superabsorbent, TeraWet, that can help your garden center optimize water usage while promoting sustainable gardening practices.

At TeraWet, we understand the importance of water conservation, especially in the garden center industry. Our superabsorbent hydrogel can reduce watering frequency by up to 50%, ensuring that your plants remain healthy and vibrant while significantly decreasing water consumption. By integrating TeraWet into your planting solutions, you can not only enhance plant growth but also provide your customers with the significant cost-effective benefits of sustainable gardening.

We are proud to support businesses like yours that are committed to sustainable practices. By adopting TeraWet, you can set an example in the market for water-saving solutions and attract environmentally conscious customers.

I would love to discuss how TeraWet can specifically benefit GreenLeaf Garden Center. Please feel free to reach out to me directly at your convenience.

Best regards,

Bendyk Dmytro  
Sales Manager at TeraWet  
Phone/WhatsApp: +380502365858 / +359889175452  
Email: Terawet.original@gmail.com  
Website: www.tera-wet.com  
Facebook: https://www.facebook.com/share/1HQAp8QqRt/  
Instagram: https://www.instagram.com/terawet.original  
LinkedIn: https://www.linkedin.com/in/terawet-теравет-a7ba0a3b3",,,,,
MOSAIC ART GREECE,Είδη δώρων,2026-10-07,"Garden entrance, Κων/νου Παλαιολόγου 132, Σπάρτη 231 00, Ελλάδα",Σπάρτη,231 00,http://www.mosaicartgreece.com/,+30 697 844 0119,"37.0778822, 22.4290578",info@mosaicartgreece.com,https://www.instagram.com/mosaicart_greece,Είδη δώρων,✅ Лист відправлено,,,,,,
Φυτώρια Μητρόπουλος,Φυτώριο,2026-09-30,"Καλαβρύτων 105, Τρίπολη 221 31, Ελλάδα",Τρίπολη,221 31,http://www.fitoria-mitropoulos.gr/,+30 271 022 4008,"37.5255031, 22.3801304",kipotetrip@gmail.com,https://www.instagram.com/fitoria_mitropoulos,Φυτώριο,✅ Лист відправлено,"Subject: Enhance Your Nursery's Growth and Efficiency with TeraWet

Dear Φυτώρια Μητρόπουλος team,

I hope this message finds you well in beautiful Τρίπολη.

My name is Bendyk Dmytro, and I am the Sales Manager at TeraWet. I am reaching out to introduce you to our innovative product, TeraWet, a superabsorbent polymer designed to address the common challenges faced by nurseries like yours, particularly water scarcity during crucial growth periods.

As you are aware, consistent hydration is vital for enhancing plant health and survival rates, especially in times of water scarcity. TeraWet can reduce your irrigation needs by up to 50%, allowing you to maintain healthy plant growth while significantly lowering your operational costs. Our hydrogel products not only conserve water but also improve plant hydration, ultimately leading to better yield outcomes.

I would love the opportunity to discuss how TeraWet can specifically benefit your nursery. Please feel free to contact me at your convenience.

Thank you for considering TeraWet as a solution to enhance your operations.

Best regards,

Bendyk Dmytro  
Sales Manager at TeraWet  
Phone/WhatsApp: +380502365858 / +359889175452  
Email: Terawet.original@gmail.com  
Website: www.tera-wet.com  
Facebook: https://www.facebook.com/share/1HQAp8QqRt/  
Instagram: https://www.instagram.com/terawet.original  
LinkedIn: https://www.linkedin.com/in/terawet-теравет-a7ba0a3b3",,,,,
Φυτώρια Φλίγκος Κωνσταντίνος,Φυτώριο,2026-10-07,"Patron Pirgou, Κάτω Αλισσός 250 02, Ελλάδα",Κάτω Αλισσός,250 02,http://www.fligos.com/,+30 697 707 9368,"38.1445951, 21.5768815",fytoriafligos@gmail.com,,Φυτώριο,✅ Лист відправлено,"Subject: Enhance Your Nursery Operations with TeraWet Superabsorbent

Dear Φυτώρια Φλίγκος Κωνσταντίνος,

I hope this message finds you well. My name is Bendyk Dmytro, and I am the Sales Manager at TeraWet. I am reaching out to introduce our innovative product that could significantly benefit your nursery operations in Κάτω Αλισσός.

TeraWet is a cutting-edge superabsorbent hydrogel that has been proven to reduce irrigation needs by up to 50%. Our product not only conserves water but also enhances plant growth and survival rates, addressing some of the critical challenges faced by nurseries, such as water scarcity and the need for more sustainable practices.

In today’s world, where sustainability is becoming increasingly important, TeraWet can serve as an essential tool to help you achieve your eco-friendly goals while also cutting costs associated with water usage. By incorporating TeraWet into your planting procedures, you can enhance the health of your plants and improve your overall operational efficiency.

I would be delighted to discuss how TeraWet can specifically assist your nursery and answer any questions you may have. Please feel free to reach out to me directly at your convenience.

Thank you for considering our solution. I look forward to the opportunity to collaborate with you!

Best regards,

Bendyk Dmytro  
Sales Manager at TeraWet  
Phone/WhatsApp: +380502365858 / +359889175452  
Email: Terawet.original@gmail.com  
Website: www.tera-wet.com  
Facebook: https://www.facebook.com/share/1HQAp8QqRt/  
Instagram: https://www.instagram.com/terawet.original  
LinkedIn: https://www.linkedin.com/in/terawet-теравет-a7ba0a3b3",,,,,
"myocide ο.ε. Εταιρεία απεντομώσεων,μυοκτονιών,απολυμάνσεων",Κηποτέχνης,2026-09-30,"Ελ. Βενιζέλου 57, Αμαλιάδα 272 00, Ελλάδα",Αμαλιάδα,272 00,http://www.myocide.gr/,+30 697 707 9368,"37.7927281, 21.3516773","info@myocide.gr, myocide@yahoo.com",https://www.instagram.com/theodoridoupcs,Κηποτέχνης,✅ Лист відправлено,,,,,,
Genari Beach Apartments,Ενοικιαζόμενο διαμέρισμα για διακοπές,2026-09-30,"ΓΕΝΑΡΗ, Λεβεντοχώρι 271 00, Ελλάδα",Λεβεντοχώρι,271 00,http://www.genariapartments-ilia.gr/,+30 693 116 4025,"37.6871653, 21.3133363",info@genariapartments-ilia.gr,,Ενοικιαζόμενο διαμέρισμα για διακοπές,✅ Лист відправлено,,,,,,
Περί Κήπου,Φυτώριο,2026-10-07,"Λεωφ. 62 Μαρτύρων 199, Ηράκλειο 713 04, Ελλάδα",Ηράκλειο,713 04,https://www.perikipou.gr/,+30 281 026 2072,"35.3298241, 25.1090859",info@perikipou.gr,https://www.instagram.com/perikipou,Φυτώριο,✅ Лист відправлено,"Subject: Transform Your Irrigation with TeraWet - Save Water, Boost Growth!

Dear Περί Κήπου Team,

I hope this message finds you well in beautiful Ηράκλειο! My name is Bendyk Dmytro, and I am the Sales Manager at TeraWet. We specialize in innovative solutions for plant nurseries, specifically aimed at addressing common pain points related to water management and irrigation.

I understand that efficient growth solutions are crucial for enhancing plant health and reducing water usage in your operations. That’s where our superabsorbent hydrogel, TeraWet, comes into play. TeraWet can help improve soil moisture retention by holding up to 500 times its weight in water, effectively reducing the need for frequent irrigation by up to 50%. This not only saves valuable water resources but also leads to healthier plants and significant cost savings for your nursery.

I would love the opportunity to discuss how TeraWet can be integrated into your current practices to foster an environment of robust plant growth while ensuring sustainable water management.

Please feel free to reach out to me directly at your convenience. I can be reached via phone or WhatsApp at +380502365858 or +359889175452, or you can reply to this email.

Looking forward to the possibility of working together to enhance your nursery’s irrigation practices!

Warm regards,

Bendyk Dmytro  
Sales Manager at TeraWet  
Phone/WhatsApp: +380502365858/+359889175452  
Email: terawet.original@gmail.com  
Website: www.tera-wet.com  
Facebook: https://www.facebook.com/share/1HQAp8QqRt/  
Instagram: https://www.instagram.com/terawet.original  
LinkedIn: https://www.linkedin.com/in/terawet-теравет-a7ba0a3b3",,,,Розсадник,Іракліон
Φυτώρια Πάγκαλος,Φυτώριο χονδρικής πώλησης,2026-10-07,"Μοιρών 4 χλμ, Ηράκλειο 715 00, Ελλάδα",Ηράκλειο,715 00,http://www.greengardens.gr/,+30 281 031 8389,"35.3135562, 25.0980727","gio.pagkalos@gmail.com, greengardenscrete@gmail.com",https://www.instagram.com/fytoria_pagkalos,Φυτώριο χονδρικής πώλησης,✅ Лист відправлено,"Subject: Enhance Your Water Management with TeraWet Superabsorbent

Dear Φυτώρια Πάγκαλος Team,

I hope this message finds you well in Ηράκλειο. My name is Bendyk Dmytro, and I am the Sales Manager at TeraWet. I am reaching out to introduce you to our innovative superabsorbent hydrogel product, TeraWet, which can significantly help your business in addressing critical challenges such as water scarcity in crop production and the need for more efficient water management strategies.

With the increasing pressures on water resources, we understand how vital it is for wholesale nurseries like yours to optimize water usage effectively. TeraWet is designed to hold moisture and release it slowly, allowing your plants to thrive while reducing irrigation costs by up to 50%. This not only promotes better plant health but also supports sustainability—an essential aspect of modern agricultural practices.

By incorporating TeraWet into your operations, you can enhance plant growth, improve water efficiency, and ultimately achieve significant cost savings. 

I would love to discuss how TeraWet can fit into your existing systems and help you meet your business goals. Please feel free to reach out to me directly via phone/WhatsApp at +380502365858 or +359889175452, or via email at Terawet.original@gmail.com.

For more information, you can visit our website at www.tera-wet.com or connect with us on social media platforms: 

- Facebook: [TeraWet Facebook](https://www.facebook.com/share/1HQAp8QqRt/)
- Instagram: [TeraWet Instagram](https://www.instagram.com/terawet.original)
- LinkedIn: [TeraWet LinkedIn](https://www.linkedin.com/in/terawet-теравет-a7ba0a3b3)

Looking forward to the opportunity to collaborate with you and to help you achieve your irrigation and sustainability goals.

Best regards,

Bendyk Dmytro  
Sales Manager at TeraWet  
Phone/WhatsApp: +380502365858 / +359889175452  
Email: Terawet.original@gmail.com  
Website: www.tera-wet.com  
Facebook: https://www.facebook.com/share/1HQAp8QqRt/  
Instagram: https://www.instagram.com/terawet.original  
LinkedIn: https://www.linkedin.com/in/terawet-теравет-a7ba0a3b3",,,,Оптовий розсадник,Іракліон
Plakias Plants,Φυτώριο,2026-10-07,"Π. Μελά, Μυρθιανος Πλακιάς 740 60, Ελλάδα",Μυρθιανος Πλακιάς,740 60,http://plakiasplants.gr/,+30 2832 032075,"35.1823724, 24.4031779",pangian2009@hotmail.com,,Φυτώριο,✅ Лист відправлено,"Subject: Enhance Your Nursery's Sustainability with TeraWet

Dear Plakias Plants Team,

I hope this message finds you well in Myrthianos Plakias. My name is Bendyk Dmytro, and I am the Sales Manager at TeraWet. We specialize in providing innovative solutions designed to optimize water management and promote sustainable growing practices for nurseries like yours.

As you may know, efficient water management is becoming increasingly crucial due to the possibility of drought conditions. Our product, TeraWet, is a superabsorbent hydrogel that can reduce your watering needs by up to 50%. By incorporating TeraWet into your growing practices, you can not only conserve water but also enhance the growth and health of your plants.

Utilizing TeraWet aligns perfectly with your commitment to sustainability. Beyond its hydrating capabilities, our hydrogel also contributes to long-term cost savings and environmental benefits. It allows for a more responsible use of resources, ensuring that your nursery can thrive while helping to protect our planet.

I would love the opportunity to discuss how TeraWet can support your goals at Plakias Plants. Please feel free to reach out to me at your convenience.

Best regards,

Bendyk Dmytro  
Sales Manager at TeraWet  
Phone/WhatsApp: +380502365858 / +359889175452  
Email: Terawet.original@gmail.com  
Website: www.tera-wet.com  
Facebook: https://www.facebook.com/share/1HQAp8QqRt/  
Instagram: https://www.instagram.com/terawet.original  
LinkedIn: https://www.linkedin.com/in/terawet-теравет-a7ba0a3b3",,,,Розсадник,Миртіанос Плакіас
Φυτώρια Κρήτης / Fitoria Kritis,Κατάστημα ειδών κηπουρικής,2026-10-07,"Λεωφ. Παπαναστασίου 68, Ηράκλειο 713 06, Ελλάδα",Ηράκλειο,713 06,http://www.fitoriakritis.gr/,+30 281 023 4440,"35.321422, 25.1396729",info@fitoriakritis.gr,https://www.instagram.com/cretan_nurseries,Κατάστημα ειδών κηπουρικής,✅ Лист відправлено,"Subject: Enhance Water Efficiency with TeraWet Superabsorbent

Dear Fitoria Kritis Team,

I hope this message finds you well in Heraklion! My name is Bendyk Dmytro, and I am the Sales Manager at TeraWet. We specialize in innovative solutions for gardening, particularly our TeraWet superabsorbent product.

As a gardening supply store, I understand that you are focused on providing your customers with efficient and effective gardening products. TeraWet is designed to address key pain points in modern gardening by significantly improving water efficiency. Our superabsorbent polymer can help reduce water consumption by up to 50%, allowing plants to thrive while minimizing environmental impact.

With an increasing emphasis on sustainability in gardening practices, TeraWet not only promotes healthier plant growth but also aligns with the growing demand for eco-friendly solutions. Incorporating our hydrogel products into your offerings can set you apart from competitors and meet the needs of eco-conscious consumers looking for innovative gardening solutions.

I would love the opportunity to discuss how TeraWet can benefit your product range and contribute to your customers' success in sustainable gardening.

Please feel free to reach out to me directly at your convenience.

Best regards,

Bendyk Dmytro  
Sales Manager at TeraWet  
Phone/WhatsApp: +380502365858 / +359889175452  
Email: Terawet.original@gmail.com  
Website: www.tera-wet.com  
Facebook: https://www.facebook.com/share/1HQAp8QqRt/  
Instagram: https://www.instagram.com/terawet.original  
LinkedIn: https://www.linkedin.com/in/terawet-теравет-a7ba0a3b3",,,,Магазин садових товарів,Іракліон
Φυτώρια Κακογιαννάκη,Φυτώριο,2026-10-07,"Σφακάκι 741 50, Ελλάδα",Σφακάκι,741 50,http://www.kakogiannakis.gr/,+30 2831 071516,"35.375139, 24.5828882",info@kakogiannakis.gr,,Φυτώριο,✅ Лист відправлено,"Subject: Transform Your Water Management with TeraWet

Dear Φυτώρια Κακογιαννάκη Team,

I hope this message finds you well in beautiful Σφακάκι. 

As the climate continues to change, effective water management becomes increasingly crucial for nurseries like yours. At TeraWet, we offer a revolutionary superabsorbent hydrogel designed to help businesses like yours optimize irrigation processes and enhance plant growth.

Our hydrogel retains water and releases it gradually, ensuring consistent moisture levels for seedlings. This feature not only promotes healthier plant development but also helps reduce irrigation frequency, potentially saving you up to 50% on water usage. The benefits are not just financial; by adopting TeraWet, you contribute to sustainable practices that positively impact the environment.

Let’s explore how TeraWet can assist your nursery in overcoming water management challenges while improving seedling survival rates and soil health.

I would be delighted to discuss this further and answer any questions you may have.

Best regards,

Bendyk Dmytro  
Sales Manager at TeraWet  
Phone/WhatsApp: +380502365858 / +359889175452  
Email: Terawet.original@gmail.com  
Website: www.tera-wet.com  
Facebook: https://www.facebook.com/share/1HQAp8QqRt/  
Instagram: https://www.instagram.com/terawet.original  
LinkedIn: https://www.linkedin.com/in/terawet-теравет-a7ba0a3b3",,,,Розсадник,Сфакакі
Floraplant Garden Center Κατάστημα Καλύβες Αποκορώνου,Φυτώριο,2026-10-07,"Επαρ.Οδ. Αποκορώνου - Χανίων, Καλύβες 730 03, Ελλάδα",Καλύβες,730 03,http://www.floraplant.gr/,+30 2825 031734,"35.4472898, 24.1719185",info@floraplant.gr,https://www.instagram.com/floraplant_garden_center,Φυτώριο,✅ Лист відправлено,"Subject: Enhance Your Garden Center's Sustainability with TeraWet

Dear Floraplant Garden Center Team,

I hope this message finds you well in beautiful Καλύβες. My name is Bendyk Dmytro, and I am the Sales Manager at TeraWet. I am reaching out to share an innovative solution that aligns perfectly with your commitment to sustainability and effective water management.

TeraWet is a superabsorbent hydrogel designed to significantly reduce water consumption—by up to 50%—while promoting optimal plant health. As you may be aware, the challenges of potential water scarcity can greatly impact the growth and vitality of plants. Our hydrogel not only addresses these concerns by retaining moisture in the soil but also helps to lower watering costs, making it a perfect fit for your garden center's needs.

By incorporating TeraWet into your offerings, you can demonstrate your dedication to sustainable gardening practices, an aspect that resonates with both current and potential customers. Our product supports healthier plants and fosters a more eco-friendly approach to gardening, distinguishing your center as a leader in sustainable solutions.

I would love the opportunity to discuss how TeraWet can benefit your business further. Please feel free to reach out to me at your convenience.

Thank you for considering TeraWet as part of your sustainable gardening solutions. Looking forward to hearing from you.

Best regards,

Bendyk Dmytro  
Sales Manager at TeraWet  
Phone/WhatsApp: +380502365858/+359889175452  
Email: Terawet.original@gmail.com  
Website: www.tera-wet.com  
Facebook: https://www.facebook.com/share/1HQAp8QqRt/  
Instagram: https://www.instagram.com/terawet.original  
LinkedIn: https://www.linkedin.com/in/terawet-теравет-a7ba0a3b3",,,,Розсадник,Каліви
Φυτοπηγή Λασιθίου,Φυτώριο,2026-10-07,"Κόμβος Ξηροκάμπου, Αγ. Νικόλαος 721 00, Ελλάδα",Αγ. Νικόλαος,721 00,http://www.fitopigi.gr/,+30 2841 023411,"35.1994322, 25.7059152",fitopigilasithiou@gmail.com,,Φυτώριο,✅ Лист відправлено,"Subject: Enhance Your Nursery Operations with TeraWet Superabsorbent Hydrogel

Dear Φυτοπηγή Λασιθίου Team,

I hope this message finds you well in beautiful Αγ. Νικόλαος. My name is Bendyk Dmytro, and I am the Sales Manager at TeraWet. I am reaching out to introduce you to our innovative superabsorbent product designed specifically for businesses like yours that are looking to improve water efficiency in plant cultivation.

In today’s challenging climate, water scarcity and drought conditions can significantly impact plant health and growth. At TeraWet, we offer a solution that can save up to 50% on irrigation needs by enhancing water retention in the soil. Our hydrogel products provide sustainable support for nurseries, helping ensure that plants receive the moisture they require, even during dry spells. 

By incorporating TeraWet into your operations, you can experience:
- Reduced irrigation frequency, allowing for lower labor and water costs.
- Healthier plant growth through improved soil moisture retention.
- A commitment to sustainable agricultural practices, which can boost your brand image and attract environmentally-conscious customers.

I would love the opportunity to discuss how TeraWet can be tailored to meet your specific needs and contribute to the success of your nursery. Please feel free to reach out to me directly at +380502365858 or +359889175452, or via email at Terawet.original@gmail.com. Our website, www.tera-wet.com, contains further information on our products.

Thank you for considering TeraWet as a partner in your commitment to improving water efficiency and sustainability in your operations. I look forward to the possibility of working together.

Best regards,

Bendyk Dmytro  
Sales Manager at TeraWet  
Phone/WhatsApp: +380502365858 / +359889175452  
Email: Terawet.original@gmail.com  
Website: www.tera-wet.com  
Facebook: https://www.facebook.com/share/1HQAp8QqRt/  
Instagram: https://www.instagram.com/terawet.original  
LinkedIn: https://www.linkedin.com/in/terawet-теравет-a7ba0a3b3",,,,Розсадник,Агій Ніколаос
Antonis Garden Center,Φυτώριο,2026-10-07,"Γεωργιούπολη 730 07, Ελλάδα",Γεωργιούπολη,730 07,https://www.antonisgarden.gr/?utm_source=google&utm_medium=organic&utm_campaign=googlemybusiness,+30 2825 062622,"35.3597715, 24.2590125",info@antonisgarden.gr,,Φυτώριο,✅ Лист відправлено,"Subject: Enhance Your Water Management with TeraWet

Dear Antonis Garden Center,

I hope this message finds you well! My name is Bendyk Dmytro, and I am the Sales Manager at TeraWet. I am reaching out to introduce you to an innovative solution designed specifically for plant nurseries like yours, located in beautiful Γεωργιούπολη.

Our product, TeraWet, is a superabsorbent hydrogel that can help you save up to 50% on watering costs while promoting optimal plant health. As you strive to provide effective water management systems and enhance the sustainability of your operations, TeraWet stands out as a game-changer.

By incorporating TeraWet into your planting strategies, you can not only reduce water consumption but also improve your plants' resilience and overall health. This aligns perfectly with the growing demand for sustainable gardening practices among customers, helping you attract more eco-conscious clientele.

I would love the opportunity to discuss how TeraWet can benefit your business. Please feel free to contact me via phone or WhatsApp at +380502365858/+359889175452, or email me at Terawet.original@gmail.com. You can also explore more about our product on our website at www.tera-wet.com and connect with us on our social media platforms:

- Facebook: https://www.facebook.com/share/1HQAp8QqRt/
- Instagram: https://www.instagram.com/terawet.original
- LinkedIn: https://www.linkedin.com/in/terawet-теравет-a7ba0a3b3

I look forward to the possibility of collaborating with Antonis Garden Center and contributing to your success in promoting sustainable gardening practices.

Best regards,

Bendyk Dmytro  
Sales Manager at TeraWet  
Phone/WhatsApp: +380502365858 / +359889175452  
Email: Terawet.original@gmail.com  
Website: www.tera-wet.com  
Facebook: https://www.facebook.com/share/1HQAp8QqRt/  
Instagram: https://www.instagram.com/terawet.original  
LinkedIn: https://www.linkedin.com/in/terawet-теравет-a7ba0a3b3",,,,Розсадник,Георгіуполі
BENDIDA enotheka & wine shop,Винарна,2026-10-07,"кв. Младежки ХълмРайон Централен, ул. „Дружба“ 15, 4002 Пловдив, България",Пловдив,4002,http://bendida.eu/,+359 88 955 5622,"42.1462172, 24.7267252","porteva@bendida.eu, wine@bendida.eu",,Винарна,✅ Лист відправлено,"Subject: Reduce Water Usage and Enhance Soil Health with TeraWet

Dear BENDIDA WINERY Team,

I hope this message finds you well in beautiful Brestovitsa.

As a Sales Manager at TeraWet, I am excited to introduce you to our innovative superabsorbent solution that aligns perfectly with your commitment to sustainable agricultural practices. Our product is designed specifically for businesses like yours in the winery sector, addressing key pain points such as high water usage for grape cultivation.

With TeraWet, you can reduce your irrigation needs by up to 50%, significantly lowering water consumption while improving soil moisture retention. This not only helps in conserving a vital resource but also enhances the overall health of your vineyard soil. The long-term benefits include increased grape yield quality and cost savings on your water bills.

I believe that our hydrogel products could play a crucial role in your vineyard management practices, helping BENDIDA WINERY to thrive sustainably while continuing to produce outstanding wines.

I would be thrilled to discuss how TeraWet can assist you in achieving your sustainable goals. Please feel free to reach out to me directly at your convenience.

Looking forward to the opportunity to connect!

Best regards,  
Bendyk Dmytro  
Sales Manager at TeraWet  
Phone/WhatsApp: +380502365858 / +359889175452  
Email: Terawet.original@gmail.com  
Website: www.tera-wet.com  
Facebook: https://www.facebook.com/share/1HQAp8QqRt/  
Instagram: https://www.instagram.com/terawet.original  
LinkedIn: https://www.linkedin.com/in/terawet-теравет-a7ba0a3b3",,,,,
ВИНАРНА ИЗБА ЯМАНТИЕВИ,Винарна,2026-10-07,"ЦентърРайон Централен, ул. „Райко Даскалов“ 72, 4000 Пловдив, България",Пловдив,4000,http://yamantievs.com/,+359 32 652 028,"42.1525382, 24.7458136",vinivel@yamantievs.com,https://www.instagram.com/yamantievswinery,Винарна,✅ Лист відправлено,"Subject: Enhance Your Vineyard's Potential with TeraWet

Dear Winarna Izba Yamantiev,

I hope this message finds you well in Plovdiv! My name is Bendyk Dmytro, and I am the Sales Manager at TeraWet. We specialize in offering innovative solutions tailored for businesses like yours in the winery industry.

I am reaching out to introduce TeraWet, our advanced superabsorbent polymer designed to significantly enhance soil moisture retention. With the increasing need for water conservation, especially in vineyard management, TeraWet can help you reduce irrigation needs by up to 50%. This not only alleviates the challenges you may be facing with soil moisture retention but also aids in improving the overall health of your grape plants.

By incorporating TeraWet into your vineyard management practices, you can expect not only increased crop yields but also enhanced grape quality. Better soil moisture retention translates directly into healthier vines, leading to superior wine quality and lower water costs.

I would love to discuss how TeraWet can specifically benefit your operations at Winarna Izba Yamantiev. Feel free to reach out to me at your convenience.

Best regards,

Bendyk Dmytro  
Sales Manager at TeraWet  
Phone/WhatsApp: +380502365858 / +359889175452  
Email: Terawet.original@gmail.com  
Website: www.tera-wet.com  
Facebook: https://www.facebook.com/share/1HQAp8QqRt/  
Instagram: https://www.instagram.com/terawet.original  
LinkedIn: https://www.linkedin.com/in/terawet-теравет-a7ba0a3b3",,,,,
ВИ ВИЛА ЮСТИНА / VILLA YUSTINA WINERY,Винарна,2026-10-07,"51 Nikola Petkov str, 4228 Устина, България",Устина,4228,http://villayustina.com/,+359 87 921 2752,"42.0399229, 24.5189846","events@villayustina.com, manager@yustinavillas.com, reservations@yustinavillas.com, manager@villayustina.com, sales.sofia@villayustina.com, sales.plovdiv@villayustina.com, sales.varna@villayustina.com, sales.burgas@villayustina.com, office@villayustina.com",https://www.instagram.com/villa_yustina_winery,Винарна,✅ Лист відправлено,"Subject: Enhance Your Vineyard's Irrigation Efficiency with TeraWet

Dear Villa Yustina Winery Team,

I hope this message finds you well. My name is Bendyk Dmytro, and I am the Sales Manager at TeraWet. I am reaching out to introduce you to our revolutionary superabsorbent product that can significantly benefit your vineyard operations in Ustina.

As a winery, you may be facing challenges such as water scarcity and the need for efficient water management to maintain the quality of your grapes. Many vineyards are experiencing similar issues, especially as the demand for high-quality wine continues to rise. Our TeraWet hydrogel products have been specifically designed to enhance soil moisture retention, effectively reducing irrigation frequency by up to 50%.

By incorporating TeraWet into your vineyard management practices, you can ensure that your grapes receive the optimal water they need for superior growth, resulting in better quality wine. Additionally, our product contributes to sustainable agricultural practices, which can lead to significant cost savings over time.

I would love the opportunity to discuss how TeraWet can help Villa Yustina Winery achieve its goals. Please feel free to reach out to me directly at your convenience. 

Thank you for considering a partnership with TeraWet to enhance your vineyard's water management strategy. I look forward to the possibility of working together to cultivate exceptional wines.

Best regards,

Bendyk Dmytro  
Sales Manager at TeraWet  
Phone/WhatsApp: +380502365858 / +359889175452  
Email: Terawet.original@gmail.com  
Website: www.tera-wet.com  
Facebook: https://www.facebook.com/share/1HQAp8QqRt/  
Instagram: https://www.instagram.com/terawet.original  
LinkedIn: https://www.linkedin.com/in/terawet-теравет-a7ba0a3b3",,,,,
Винарна Галерията / Pavlova Art and Wine,Винарна,2026-10-07,"ЦентърРайон Централен, ул. „Съборна“ 2, 4000 Пловдив, България",Пловдив,4000,https://www.facebook.com/profile.php?id=100063449268697,+359 89 371 4776,"42.1478975, 24.7492583",kaiorma5@abv.bg,,Винарна,✅ Лист відправлено,,,,,,
"Изба ""Ръсин""",Винарна,2026-09-22,"2035 Момин проход, България",Момин проход,2035,https://rasinwinery.com/,+359 89 867 8284,"42.3252972, 23.8667927",rasko@abv.bg,,Винарна,✅ Лист відправлено,"Subject: Трайно решение срещу сушата: 50% икономия на вода и по-висок добив за Изба ""Ръсин""

Здравейте, Уважаеми партньори,
ТЕРАУЕТ-ОРИДЖИНАЛ® намалява нуждата от поливане с 50% за 7-10 години.
Поръчки онлайн: https://www.tera-wet.com

---
Vanya Kolarova
+359888516501

Bendyk Dmytro
Sales Manager at TeraWet
Phone/WhatsApp: +380502365858 / +359889175452
Email: Terawet.original@gmail.com
Website: www.tera-wet.com
Facebook: https://www.facebook.com/share/1HQAp8QqRt/
Instagram: https://www.instagram.com/terawet.original
LinkedIn: https://www.linkedin.com/in/terawet-теравет-a7ba0a3b3

---
Ако не желаете да получавате съобщения от нас, отговорете с 'Отказ'.",,,,,
Αγροτικός Συνεταιρισμός Ζαγοράς Πηλίου (Zagorin),Συνεταιρισμός Οπωροκηπευτικών,2026-10-07,"Ζαγορά Πηλίου 370 01, Ελλάδα",Ζαγορά / Βόλος,,https://zagorin.gr,+30 2426 022459,,info@zagorin.gr,,Μήλα & οπωρώνες Πηλίου,✅ Лист відправлено,,,,,,
Κτήμα Ντούγκος (Dougos Winery),Οινοποιείο,2026-10-07,"Κοιλάδα Τεμπών, Λάρισα 400 05, Ελλάδα",Τέμπη / Λάρισα,,https://dougos.gr,+30 2495 093254,,info@dougos.gr,,Ορεινοί αμπελώνες Ολύμπου,✅ Лист відправлено,,,,,,
Κτήμα Λυραράκη (Lyrarakis Wines),Οινοποιείο,2026-10-07,"Αλάγνι, Ηράκλειο Κρήτης 700 10, Ελλάδα",Ηράκλειο,,https://lyrarakis.com,+30 2810 284614,,info@lyrarakis.com,,Αυτόχθονες ποικιλίες αμπέλου Κρήτης,✅ Лист відправлено,,,,,,
Οινοποιείο Μανουσάκη (Manousakis Winery),Οινοποιείο,2026-10-07,"Βατόλακκος, Χανιά 730 05, Ελλάδα",Χανιά,,https://manousakiswinery.com,+30 2821 078787,,info@manousakiswinery.com,,Βιολογικοί αμπελώνες Nostos,✅ Лист відправлено,,,,,,
Οινοποιείο Δουλουφάκη (Douloufakis Winery),Οινοποιείο,2026-10-07,"Δαφνές Ηρακλείου 700 11, Ελλάδα",Δαφνές / Ηράκλειο,,https://douloufakis.wine,+30 2810 792010,,info@douloufakis.wine,,Αμπελώνες Βιδιανού & Λιάτικου,✅ Лист відправлено,,,,,,
Βοτανικός Κήπος Χανίων & Φυτώρια (Botanical Park Plants),Garden center / Φυτώριο,2026-10-07,"Φουρνές, Χανιά 730 05, Ελλάδα",Χανιά,,https://botanical-park.com,+30 2821 067070,,info@botanical-park.com,,Μεσογειακά & εξωτικά φυτά,✅ Лист відправлено,,,,,,
Κτήμα Σεμέλη (Semeli Estate),Οινοποιείο,2026-10-07,"Κούτσι Νεμέας 205 00, Ελλάδα",Κούτσι / Νεμέα,,https://semeliestate.gr,+30 2746 041400,,hospitality@semeliestate.gr,,Πλαγιές Νεμέας & Μαντινείας,✅ Лист відправлено,,,,,,
Κτήμα Κώστα Λαζαρίδη (Costa Lazaridi Domain),Οινοποιείο,2026-10-07,"Αδριανή Δράμας 661 00, Ελλάδα",Αδριανή / Δράμα,,https://domaine-lazaridi.gr,+30 2521 082348,,info@domaine-lazaridi.gr,,Αμπελώνες Chateau Julia & Amethystos,✅ Лист відправлено,,,,,,
Κτήμα Παυλίδη (Ktima Pavlidis),Οινοποιείο,2026-10-07,"Κοκκινόγεια Δράμας 662 00, Ελλάδα",Κοκκινόγεια / Δράμα,,https://ktima-pavlidis.gr,+30 2521 058300,,info@ktima-pavlidis.gr,,Thema & Emphasis αμπελώνες,✅ Лист відправлено,,,,,,
Κτήμα Κυρ-Γιάννη (Kir-Yianni Estate),Οινοποιείο,2026-10-07,"Γιαννακοχώρι Νάουσας 592 00, Ελλάδα",Γιαννακοχώρι / Νάουσα,,https://kiryianni.gr,+30 2332 051100,,info@kiryianni.gr,,Ξινόμαυρο & αμπελοτόπια Βερμίου,✅ Лист відправлено,,,,,,
Φυτώρια Κιλκίς Μακεδονίας (Macedonian Tree Nurseries),Φυτώριο,2026-10-07,"Βιομηχανική Περιοχή Κιλκίς 611 00, Ελλάδα",Κιλκίς / Θεσσαλονίκη,,https://fytoriamakedonias.gr,+30 2341 071800,,info@fytoriamakedonias.gr,,"Καρυδιές, αμυγδαλιές & οπωροφόρα",✅ Лист відправлено,,,,,,
Κτήμα Πόρτο Καρράς (Domaine Porto Carras),Οινοποιείο & Ελαιώνες,2026-10-07,"Νέος Μαρμαράς, Χαλκιδική 630 81, Ελλάδα",Σιθωνία / Χαλκιδική,,https://portocarraswines.gr,+30 2375 077000,,wines@portocarras.com,,Πλαγιές Μελίτωνα Χαλκιδικής,✅ Лист відправлено,,,,,,
Винарна Беса Вали (Bessa Valley Winery),Винарна,2026-10-07,"с. Огняново, област Пазарджик 4434, България",Огняново / Пазарджик,,https://bessavalley.com,+359 88 565 0500,,office@bessavalley.com,,Enira лозови масиви,✅ Лист відправлено,,,,,,
Винарна Загрей (Zagreus Winery),Винарна,2026-10-07,"ул. Княз Борис I 10, гр. Първомай 4270, България",Първомай / Пловдив,,https://zagreus.org,+359 33 662 050,,info@zagreus.org,,Биологичен мавруд,✅ Лист відправлено,,,,,,
Bodegas Alvear (Montilla-Moriles),Bodega / Viñedos,2026-10-07,"Av. María Auxiliadora 1, 14550 Montilla, Córdoba, España",Montilla / Córdoba,,https://alvear.es,+34 957 650 100,,info@alvear.es,,Viñedos Pedro Ximénez,✅ Лист відправлено,,,,,,
Bodegas Barbadillo (Sanlúcar / Jerez),Bodega,2026-10-07,"Calle Luis de Eguílaz 2, 11540 Sanlúcar de Barrameda, España",Sanlúcar de Barrameda / Cádiz,,https://barbadillo.com,+34 956 385 500,,comunicacion@barbadillo.com,,Viñedos albariza de Jerez,✅ Лист відправлено,,,,,,
Aceites Oro Bailén (Galgón 99 SL),Olivar y Almazara,2026-10-07,"Ctra. N-IV km 316, 23730 Villanueva de la Reina, Jaén, España",Villanueva de la Reina / Jaén,,https://orobailen.com,+34 953 548 020,,info@orobailen.com,,Olivar picual regadío y secano,✅ Лист відправлено,,,,,,
Viveros Hernandorena (Frutales y Granados),Vivero,2026-10-07,"Partida de San Antonio s/n, 46600 Alzira, Valencia, España",Valencia,,https://hernandorena.com,+34 962 404 024,,info@hernandorena.com,,"Plantones de algarrobo, olivo y frutal",✅ Лист відправлено,,,,,,
Катаржина Естейт (Katarzyna Estate),Винарна,2026-10-07,"местност Бялата пръст, с. Мезек, Свиленград 6500, България",Свиленград,,https://katarzyna.bg,+359 379 71333,,office@katarzyna.bg,,Южен Сакар и Долината на Марица,✅ Лист відправлено,,,,,,
Шато Бургозоне (Chateau Burgozone),Винарна,2026-10-07,"Дунавски бряг, гр. Оряхово 3300, България",Оряхово,,https://burgozone.bg,+359 88 560 3000,,office@burgozone.bg,,Льосови почви по Дунав,✅ Лист відправлено,,,,,,
Вила Басарея (Villa Bassarea),Винарна,2026-10-07,"ул. Дружба 1, гр. Харманли 6450, България",Харманли,,https://bassarea.com,+359 88 770 1200,,office@bassarea.com,,Южен Сакар и Източни Родопи,✅ Лист відправлено,,,,,,
Шато Копса (Chateau Copsa Complex & Vineyards),Винарна & Лозя,2026-10-07,"местност Анчова кула, с. Московец, Карлово 4334, България",Карлово,,https://copsa.bg,+359 88 264 5454,,office@copsa.bg,,"Розова долина, Карловски мискет",✅ Лист відправлено,,,,,,
Винарска изба Царев брод (Tsarev Brod Winery),Винарна,2026-10-07,"с. Царев брод, община Шумен 9747, България",Шумен,,https://tsarevbrod.com,+359 88 880 5005,,office@tsarevbrod.com,,"Североизточна България, Гергана & Совиньон",✅ Лист відправлено,,,,,,
Винарна Свищов (Winery Svishtov),Винарна,2026-10-07,"ул. 33-ти Свищовски полк 67, Свищов 5250, България",Свищов,,https://svishtov-winery.com,+359 631 60233,,sales@svishtov-winery.com,,"Дунавска равнина, Каберне & Мерло",✅ Лист відправлено,,,,,,
Κτήμα Άλφα (Alpha Estate),Οινοποιείο,2026-10-07,"2ο χλμ. Αμυνταίου - Αγ. Παντελεήμονα 532 00, Ελλάδα",Αμύνταιο / Φλώρινα,,https://alpha-estate.com,+30 2386 020111,,info@alpha-estate.com,,Αμπελώνες οροπεδίου Αμυνταίου,✅ Лист відправлено,,,,,,
Κτήμα Τσέλεπος (Ktima Tselepos),Οινοποιείο,2026-10-07,"14ο χλμ. Τρίπολης - Καστρίου, Ρίζες Αρκαδίας 220 12, Ελλάδα",Τρίπολη / Αρκαδία,,https://tselepos.gr,+30 2710 544440,,tselepos@otenet.gr,,Μοσχοφίλερο Μαντινείας,✅ Лист відправлено,,,,,,
Cavino Winery & Distillery,Οινοποιείο,2026-10-07,"Γέφυρα Μεγανίτη, Αίγιο 251 00, Ελλάδα",Αίγιο / Αχαΐα,,https://cavino.gr,+30 2691 071555,,info@cavino.gr,,Πλαγιές Αιγιαλείας & Μέγα Σπήλαιο,✅ Лист відправлено,,,,,,
Bodegas Riojanas S.A.,Bodega / Viñedos,2026-10-07,"Av. Don Ricardo Ruiz Azcárraga 1, 26350 Cenicero, La Rioja, España",Cenicero / La Rioja,,https://bodegasriojanas.com,+34 941 454030,,info@bodegasriojanas.com,,Viñedos de Rioja Alta (Tempranillo & Mazuelo),✅ Лист відправлено,,,,,,
Bodegas Bilbaínas (Viña Pomal),Bodega / Viñedos,2026-10-07,"Calle Estación 3, 26200 Haro, La Rioja, España",Haro / La Rioja,,https://bodegasbilbainas.com,+34 941 310147,,info@bodegasbilbainas.com,,Viñedos históricos Viña Pomal,✅ Лист відправлено,,,,,,
Herederos del Marqués de Riscal,Bodega / Viticultura,2026-10-07,"Torrea Kalea 1, 01340 Elciego, Álava, España",Elciego / Álava,,https://marquesderiscal.com,+34 945 606000,,marquesderiscal@marquesderiscal.com,,Viñedos centenarios Rioja Alavesa y Rueda,✅ Лист відправлено,,,,,,
Castillo de Canena Olive Estate,Olivar & Aceite de Oliva,2026-10-07,"Calle Remedios 4, 23420 Canena, Jaén, España",Canena / Jaén,,https://castillodecanena.com,+34 953 770101,,info@castillodecanena.com,,Olivares sostenibles Picual y Arbequina en Jaén,✅ Лист відправлено,,,,,,
Marchesi Frescobaldi,Viticoltura & Tenute,2026-10-07,"Via Santo Spirito 11, 50125 Firenze, Italia",Firenze / Toscana,,https://frescobaldi.it,+39 055 27141,,info@frescobaldi.it,,"Vigneti Nipozzano, CastelGiocondo e Pomino",✅ Лист відправлено,,,,,,
Castello Banfi Montalcino,Azienda Vinicola,2026-10-07,"Castello di Poggio alle Mura, 53024 Montalcino, Italia",Montalcino / Siena,,https://banfi.it,+39 0577 840111,,banfi@banfi.it,,Vigneti Sangiovese Brunello di Montalcino,✅ Лист відправлено,,,,,,
Planeta Vini Sicilia,Azienda Agricola / Vigneti,2026-10-07,"Contrada Dispensa, 92013 Menfi, Agrigento, Italia",Menfi / Agrigento,,https://planeta.it,+39 0925 80009,,planeta@planeta.it,,"Vigneti e oliveti Ulmo, Noto, Etna e Vittoria",✅ Лист відправлено,,,,,,
Mastroberardino Vigneti,Viticoltura Tradizionale,2026-10-07,"Via Manfredi 75, 83042 Atripalda, Avellino, Italia",Atripalda / Avellino,,https://mastroberardino.com,+39 0825 614111,,segreteria@mastroberardino.com,,"Vigneti storici Taurasi, Fiano e Greco di Tufo",✅ Лист відправлено,,,,,,
Donnafugata Vini di Sicilia,Viticoltura di Pregio,2026-10-07,"Via Sebastiano Lipari 18, 91025 Marsala, Trapani, Italia",Marsala / Trapani,,https://donnafugata.it,+39 0923 724200,,info@donnafugata.it,,"Vigneti a Pantelleria, Contessa Entellina e sull’Etna",✅ Лист відправлено,,,,,,
Tenuta San Guido (Sassicaia),Viticoltura Bolgheri,2026-10-07,"Loc. Le Capanne 27, 57022 Bolgheri, Livorno, Italia",Castagneto Carducci / Livorno,,https://sassicaia.com,+39 0565 762003,,info@sassicaia.com,,Vigneti Cabernet Sauvignon e Franc a Bolgheri,✅ Лист відправлено,,,,,,
Maison M. Chapoutier,Domaine Viticole,2026-10-07,"18 Avenue du Docteur Paul Durand, 26600 Tain-lHermitage, France",Tain-lHermitage / Drôme,,https://chapoutier.com,+33 4 75 08 28 65,,chapoutier@chapoutier.com,,Vignobles biodynamiques en Vallée du Rhône,✅ Лист відправлено,,,,,,
Podrum Radovanović,Винарија,2026-10-07,"Живојина Ђорђевића 1, 11319 Крњево, Србија",Крњево / Велика Плана,,https://podrumradovanovic.rs,+381 26 821 085,,office@podrumradovanovic.rs,,Виногради Шумадије (Каберне & Шардоне),✅ Лист відправлено,,,,,,
Винарија Звонко Богдан,Винарија и виногради,2026-10-07,"Кањишки пут 45, 24413 Палић, Србија",Палић / Суботица,,https://vinarijazvonkobogdan.com,+381 24 415 0270,,office@vinarijazvonkobogdan.com,,Пешчани виногради Палићког језера,✅ Лист відправлено,,,,,,
Мидалидаре Естейт (Midalidare Estate),Винарна & Разсадници,2026-10-07,"с. Могилово, област Стара Загора 6239, България",Могилово / Стара Загора,,https://midalidare.bg,+359 89 445 2222,,office@midalidare.bg,,Лозови масиви Тракийска низина,✅ Лист відправлено,,,,,,
Дамасцена (Damascena Rose & Lavender),Розоварни и етерични култури,2026-10-07,"ул. Първи май 24, с. Скобелево 6148, България",Скобелево / Казанлък,,https://damascena.net,+359 88 677 7624,,office@damascena.net,,Маслодайни рози и лавандулови насаждения,✅ Лист відправлено,,,,,,
Cramele Recaș,Producător de Vin,2026-10-07,"Complexul de Vinificație, 307340 Recaș, România",Recaș / Timiș,,https://recaswine.ro,+40 256 330 100,,office@recaswine.ro,,Podgorii istorice Dealurile Banatului,✅ Лист відправлено,,,,,,
Bodegas Torres (Familia Torres),Bodega / Viñedos,,,Vilafranca del Penedès / Barcelona,,https://torres.es,+34 938 177400,,comunicacion@torres.es,,Viñedos ecológicos del Penedès y Priorat,⚪ Очікує відправки,,,,,,
Bodegas Faustino,Bodega / Viticultura,,,Oyón / Álava,,https://bodegasfaustino.com,+34 945 622500,,faustino@bodegasfaustino.com,,Viñedos de Rioja Alavesa,⚪ Очікує відправки,,,,,,
Bodega Vega Sicilia,Bodega / Viñedos,,,Valbuena de Duero / Valladolid,,https://vegasicilia.com,+34 983 680147,,vegasicilia@vegasicilia.com,,Viñedos históricos Ribera del Duero,⚪ Очікує відправки,,,,,,
Bodegas Protos,Bodega / Viticultura,,,Peñafiel / Valladolid,,https://bodegasprotos.com,+34 983 878011,,comunicacion@bodegasprotos.com,,Viñedos Ribera del Duero y Rueda,⚪ Очікує відправки,,,,,,
Aceites Baena (DO Baena),Olivar & Aceite,,,Baena / Córdoba,,https://dobaena.com,+34 957 691242,,info@dobaena.com,,Olivares tradicionales Picudo y Hojiblanca,⚪ Очікує відправки,,,,,,
Olis Sóller Cooperativa,Cooperativa Agrícola,,,Sóller / Mallorca,,https://cooperativasoller.com,+34 971 630294,,info@cooperativasoller.com,,Olivares centenarios de la Serra de Tramuntana,⚪ Очікує відправки,,,,,,
Recaredo Vinya i Celler,Viticultura Biodinámica,,,Sant Sadurní d’Anoia / Barcelona,,https://recaredo.com,+34 938 911022,,info@recaredo.com,,Viñedos de secano y viticultura ecológica,⚪ Очікує відправки,,,,,,
Antinori nel Chianti Classico,Viticoltura & Tenute,,,San Casciano in Val di Pesa / Firenze,,https://antinori.it,+39 055 23595,,antinori@antinori.it,,Vigneti storici Chianti Classico e Bolgheri,⚪ Очікує відправки,,,,,,
Gaja Winery Barbaresco,Viticoltura & Vigneti,,,Barbaresco / Cuneo,,https://gaja.com,+39 0173 635158,,info@gaja.com,,Vigneti di Nebbiolo nelle Langhe,⚪ Очікує відправки,,,,,,
Cantina Allegrini Valpolicella,Viticoltura & Cantina,,,Fumane / Verona,,https://allegrini.it,+39 045 6832011,,info@allegrini.it,,Vigneti Corvina e Rondinella in Valpolicella,⚪ Очікує відправки,,,,,,
Masi Agricola,Azienda Agricola / Viticoltura,,,Sant'Ambrogio di Valpolicella / Verona,,https://masi.it,+39 045 6832511,,masi@masi.it,,Vigneti delle Venezie e metodo Appassimento,⚪ Очікує відправки,,,,,,
Tenuta Luce della Vite,Tenuta Agricola,,,Montalcino / Siena,,https://lucedellavite.com,+39 0577 870231,,info@lucedellavite.com,,Vigneti Sangiovese e Merlot a Montalcino,⚪ Очікує відправки,,,,,,
Feudo Maccari Sicilia,Azienda Vitivinicola,,,Noto / Siracusa,,https://feudomaccari.it,+39 0931 875887,,info@feudomaccari.it,,Vigneti ad alberello di Nero d'Avola a Noto,⚪ Очікує відправки,,,,,,
Château Guiraud (Sauternes),Vignoble Bio / Château,,,Sauternes / Gironde,,https://chateauguiraud.com,+33 5 56 76 61 01,,contact@chateauguiraud.com,,Vignobles biologiques 1er Grand Cru Sauternes,⚪ Очікує відправки,,,,,,
Château Smith Haut Lafitte,Viticulture & Grand Cru,,,Martillac / Bordeaux,,https://smith-haut-lafitte.com,+33 5 57 83 11 22,,smith-haut-lafitte@smith-haut-lafitte.com,,Grands crus classés Pessac-Léognan en bio-dynamie,⚪ Очікує відправки,,,,,,
Domaine Dujac,Domaine Viticole,,,Morey-Saint-Denis / Bourgogne,,https://dujac.com,+33 3 80 34 32 58,,domaine@dujac.com,,Vignes biologiques Grands Crus de Bourgogne,⚪ Очікує відправки,,,,,,
Château Miraval Provence,Domaine Viticole & Oléicole,,,Correns / Var,,https://miraval.com,+33 4 94 86 39 24,,contact@miraval.com,,Vignes en terrasses et oliveraies bio en Provence,⚪ Очікує відправки,,,,,,
Quinta do Noval,Quinta / Viticultura,,,Pinhão / Douro,,https://quintadonoval.com,+351 223 770270,,noval@quintadonoval.com,,Vinhas em socalcos do Alto Douro Vinhateiro,⚪ Очікує відправки,,,,,,
Esporão (Herdade do Esporão),Herdade Agrícola & Olival,,,Reguengos de Monsaraz / Évora,,https://esporao.com,+351 266 509280,,esporao@esporao.com,,Vinhas biológicas e olivais protegidos no Alentejo,⚪ Очікує відправки,,,,,,
Вила Мелник (Villa Melnik Winery),Семейна винарна & Лозя,,,Хърсово / Сандански,,https://villamelnik.com,+359 884 840320,,office@villamelnik.com,,Лозя Мелник 55 и Мавруд в Долината на Струма,⚪ Очікує відправки,,,,,,
Агроцентър Сортови Семена (Sortovi Semena),Агроцентър & Разсадници,,,София / Илиянци,,https://sortovisemena.bg,+359 2 938 1282,,office@sortovisemena.bg,,"Земеделски семена, овощни разсадници и насаждения",⚪ Очікує відправки,,,,,,
Κτήμα Αβαντίς (Avantis Estate),Οινοποιείο & Αμπελώνες,,,Μύτικας / Εύβοια,,https://avantiswines.gr,+30 22210 55350,,info@avantiswines.gr,,Αμπελώνες Σύραχ και Μαλαγουζιά στην Εύβοια,⚪ Очікує відправки,,,,,,
Οινοποιείο Χατζηδάκη (Hatzidakis Winery),Βιολογικοί Αμπελώνες,,,Πύργος / Σαντορίνη,,https://hatzidakiswines.gr,+30 22860 32552,,info@hatzidakiswines.gr,,Αυτόριζα αμπέλια Ασύρτικου στη Σαντορίνη,⚪ Очікує відправки,,,,,,
Κτήμα Σιγάλας (Domaine Sigalas),Οινοποιείο & Αμπελοτόπια,,,Οία / Σαντορίνη,,https://sigalas-wine.com,+30 22860 71644,,sigalas@sigalas-wine.com,,Παραδοσιακοί αμπελώνες Σαντορίνης (κουλούρα),⚪ Очікує відправки,,,,,,
Bodegas Vivanco,Bodega / Museo del Vino,2026-10-08,,Briones / La Rioja,,https://vivancoculturadevino.es,+34 941 322323,,info@vivancoculturadevino.es,,Viñedos ecológicos de Rioja Alta,⚪ Очікує відправки,,,,,,
Bodegas Lan,Bodega / Viñedos,2026-10-08,,Fuenmayor / La Rioja,,https://bodegaslan.com,+34 941 450950,,comunicacion@bodegaslan.com,,Viñedo singular Viña Lanciano,⚪ Очікує відправки,,,,,,
Bodegas Ysios,Bodega de Vanguardia,2026-10-08,,Laguardia / Álava,,https://bodegasysios.com,+34 945 600640,,info@bodegasysios.com,,Viñedos viejos de Rioja Alavesa,⚪ Очікує відправки,,,,,,
Bodegas Ramón Bilbao,Bodega / Viticultura,2026-10-08,,Haro / La Rioja,,https://bodegasramonbilbao.es,+34 941 310295,,info@bodegasramonbilbao.es,,Viñedos de altura en Rioja y Rueda,⚪ Очікує відправки,,,,,,
Bodegas Muriel,Bodega Familiar,2026-10-08,,Elciego / Álava,,https://bodegasmuriel.com,+34 945 606262,,info@bodegasmuriel.com,,Viñedos históricos de Rioja Alavesa,⚪ Очікує відправки,,,,,,
Bodegas Roda,Bodega / Viticultura,2026-10-08,,Haro / La Rioja,,https://roda.es,+34 941 303001,,roda@roda.es,,Investigación vitícola y viñedos viejos,⚪ Очікує відправки,,,,,,
Bodegas Beronia,Bodega / Viñedos,2026-10-08,,Ollauri / La Rioja,,https://beronia.es,+34 941 338000,,beronia@beronia.es,,Viticultura sostenible y agricultura de precisión,⚪ Очікує відправки,,,,,,
Celler Vall Llach,Celler / Viticultura,2026-10-08,,Porrera / Priorat,,https://vallllach.com,+34 977 828244,,celler@vallllach.com,,Costers centenarios de Cariñena en Priorat,⚪ Очікує відправки,,,,,,
Clos Mogador,Viticultura Regenerativa,2026-10-08,,Gratallops / Priorat,,https://closmogador.com,+34 977 839171,,mogador@closmogador.com,,Viñedos en terrazas pizarrosas de licorella,⚪ Очікує відправки,,,,,,
Álvaro Palacios,Viticultura Tradicional,2026-10-08,,Gratallops / Priorat,,https://alvaropalacios.com,+34 977 839195,,bodega@alvaropalacios.com,,Viñedos viejos L’Ermita y Les Terrasses,⚪ Очікує відправки,,,,,,
